{"cameraMode":{"drawMode":0,"name":"Shaded","section":"Shading Mode"},"sceneLighting":false,"audioPlay":false,"sceneViewState":{"m_AlwaysRefresh":false,"showFog":true,"showSkybox":false,"showFlares":true,"showImageEffects":true,"showParticleSystems":true,"showVisualEffectGraphs":true,"m_FxEnabled":true},"in2DMode":false,"pivot":{"x":6.249999523162842,"y":0.062499649822711948,"z":-6.249999523162842},"rotation":{"x":-0.7011550068855286,"y":0.0006100352620705962,"z":-0.0006164673250168562,"w":-0.7130346894264221},"size":8.839056015014649,"orthographic":false}